CODGEO,lon,lat
75056,2.347,48.8589
77001,2.5653,48.3476
77002,3.14,48.7327
77003,2.5295,48.2897
77004,2.8051,48.6139
77005,2.7067,48.9232
77006,2.5561,48.4064
77007,2.8686,48.6524
77008,3.0124,48.9773
77009,2.5578,48.1819
77010,2.8951,48.619
77011,2.6022,48.2028
77012,3.354,48.6668
77013,3.0887,48.8488
77014,2.7337,48.4124
77015,3.3462,48.3925
77016,2.708,48.2206
77018,2.8191,48.845
77019,3.1493,48.3951
77020,3.1952,48.6762
77021,3.0481,48.3655
77022,2.6034,48.4472
77023,2.8793,49.0159
77024,3.2766,48.9244
77025,3.1902,48.3978
77026,3.4218,48.6005
77027,2.4896,48.1435
77029,2.8669,48.6432
77030,3.3252,48.8431
77031,2.9353,48.6772
77032,3.2489,48.7059
77033,3.2392,48.6674
77034,2.796,48.5614
77035,3.0135,48.241
77036,3.2243,48.6752
77037,2.7091,48.4735
77038,2.6164,48.5237
77039,2.5896,48.532
77040,2.5686,48.514
77041,2.4897,48.3099
77042,3.1379,48.8247
77043,3.2613,48.8974
77044,2.8734,48.5686
77045,2.6608,48.1958
77046,2.4483,48.2606
77047,2.9102,48.8816
77048,2.6982,48.3366
77049,2.9326,48.9144
77050,2.8318,48.1481
77051,3.2457,48.4157
77052,2.8805,48.5571
77053,2.6131,48.6904
77054,3.027,48.3354
77055,2.6394,48.8891
77056,2.5266,48.2327
77057,3.2346,48.9286
77058,2.7091,48.8297
77059,2.6783,48.8463
77060,2.4603,48.2902
77061,2.9888,48.3608
77062,2.6997,48.9041
77063,2.9681,48.799
77065,2.5237,48.4601
77066,3.3433,48.711
77067,2.5898,48.5693
77068,3.1407,48.5091
77069,2.6117,48.4723
77070,3.1343,48.7865
77071,2.8154,48.1914
77072,3.4482,48.5505
77073,3.3068,48.5288
77075,2.7737,48.8959
77076,3.2568,48.4904
77077,2.886,48.9991
77078,3.1397,48.987
77079,2.8101,48.4072
77080,3.2791,48.6695
77081,2.7316,48.6223
77082,2.8181,48.5869
77083,2.594,48.8485
77084,3.0299,48.9659
77085,2.7399,48.8581
77086,2.8571,48.5316
77087,2.9943,48.6519
77088,2.569,48.3137
77089,2.9601,48.5086
77090,3.1778,48.5588
77091,2.8352,48.7443
77093,3.3822,48.7752
77094,2.7775,48.9513
77095,2.7559,48.972
77096,2.7091,48.4958
77097,3.2637,48.7529
77098,3.108,48.584
77099,2.6976,48.149
77100,2.8016,48.5014
77101,3.097,48.4198
77102,2.6274,48.2311
77103,2.8225,48.539
77104,2.8166,48.7066
77106,3.1822,48.8232
77107,2.8472,48.6635
77108,2.5954,48.8845
77109,3.1809,48.611
77110,2.6525,48.1648
77111,2.7697,48.8718
77112,2.603,48.246
77113,3.1964,48.7365
77114,2.6747,48.7209
77115,2.964,48.246
77116,3.2078,48.7637
77117,3.2462,48.961
77118,2.68,48.941
77119,3.0123,48.6037
77120,3.1074,49.0182
77121,2.6758,48.8249
77122,2.5765,48.6602
77123,2.6502,48.9907
77124,2.7207,48.8589
77125,2.8365,48.8982
77126,2.976,49.0116
77127,2.7074,48.6782
77128,2.8634,48.8817
77129,3.126,49.0754
77130,2.9251,48.8908
77131,3.0918,48.8096
77132,2.7935,48.8853
77133,3.0471,48.4148
77134,3.289,48.6427
77135,2.955,48.6456
77136,2.7477,48.6796
77137,3.291,48.7058
77138,2.8978,48.6595
77139,2.6029,48.9169
77140,2.997,48.4719
77141,2.8448,48.8525
77142,2.9246,48.8583
77143,2.874,48.9759
77144,2.9143,48.7578
77145,2.7476,48.6006
77146,2.6575,48.8164
77147,3.069,48.5955
77148,3.0812,49.0853
77150,2.7804,49.0203
77151,3.1638,48.7158
77152,2.6199,48.5147
77153,2.6777,49.0504
77154,2.9016,48.8086
77155,2.7465,48.8935
77156,2.722,48.2757
77157,3.1644,49.0365
77158,3.0055,48.2914
77159,3.1206,48.4816
77161,2.8906,48.3115
77162,3.1682,48.8713
77163,2.8827,49.0616
77164,2.9335,48.4679
77165,2.8733,48.4953
77167,3.1251,48.4367
77168,2.887,48.1857
77169,2.608,48.8186
77171,2.8123,48.9011
77172,2.9711,48.3416
77173,2.9279,49.0489
77174,3.2643,48.4599
77175,2.641,48.6531
77176,3.0038,48.7787
77177,2.7702,48.782
77178,2.6646,48.2265
77179,2.8024,48.4645
77180,2.6413,48.7342
77181,2.7046,48.818
77182,3.3047,48.7914
77183,3.1349,48.9562
77184,2.9172,48.3083
77185,2.5401,48.4473
77186,2.6817,48.4236
77187,3.3947,48.4122
77188,2.7653,48.4796
77190,3.0088,48.5206
77191,2.9252,48.5294
77192,2.8667,48.6989
77193,2.8518,49.0539
77194,2.9483,48.4223
77195,2.7628,48.5878
77196,2.7369,48.9405
77197,3.1991,48.7065
77198,2.5056,48.255
77199,2.9433,48.9385
77200,2.5581,48.2343
77201,3.0219,48.6269
77202,2.7509,48.3164
77203,2.9577,48.9888
77204,3.1627,49.0638
77205,2.8439,49.0342
77206,3.0311,48.8554
77207,2.5383,48.1671
77208,3.2972,48.4758
77209,2.6933,48.8578
77210,2.8918,48.3938
77211,2.9782,48.58
77212,3.1225,48.3881
77214,2.6637,48.966
77215,2.7272,48.7536
77216,2.6842,48.3078
77217,2.6801,48.68
77218,3.3191,48.4413
77219,2.9533,48.8128
77220,2.5569,48.262
77221,2.7141,48.8519
77222,2.8024,48.6364
77223,3.0824,48.4869
77224,2.9638,48.7663
77225,3.0059,48.883
77226,2.7859,48.4439
77227,3.3475,48.4881
77228,3.3114,48.905
77229,2.8696,48.757
77230,2.544,48.2079
77231,3.0108,48.998
77232,2.8285,48.9167
77233,2.7922,48.9974
77234,2.7606,48.9157
77235,3.0799,48.983
77236,3.273,48.4143
77237,2.7641,48.8289
77238,3.1159,48.9053
77239,3.1395,48.6664
77240,3.2736,48.795
77241,2.7053,49.0216
77242,3.2253,48.4925
77243,2.7045,48.8716
77244,2.6,48.2857
77245,2.9718,48.4541
77246,3.388,48.5729
77247,3.353,48.7645
77248,2.7917,48.9173
77249,2.6182,48.748
77250,3.263,48.7275
77251,2.549,48.6277
77252,2.6662,48.6257
77253,2.703,48.6185
77254,2.7797,48.6957
77255,2.6898,48.5039
77256,3.1654,48.5283
77257,3.0189,49.0344
77258,2.6366,48.8325
77259,2.6566,49.0506
77260,3.2414,48.5148
77261,2.8932,48.2423
77262,3.4984,48.6101
77263,3.1847,48.4602
77264,2.9572,48.7244
77265,3.1791,48.9754
77266,2.8493,48.4524
77267,2.7015,48.2036
77268,2.8171,48.8675
77269,2.7038,48.5541
77270,2.9957,48.8565
77271,2.6222,48.1837
77272,3.1533,48.5549
77273,2.7508,49.0528
77274,2.8781,49.0369
77275,3.3159,48.6712
77276,2.8769,48.9252
77277,2.8856,48.7253
77278,3.1635,48.7719
77279,3.0295,48.3813
77280,3.033,49.0145
77281,3.0386,48.7709
77282,2.5678,49.029
77283,3.0274,49.0686
77284,2.9035,48.9573
77285,2.6301,48.5401
77286,3.0906,48.5132
77287,3.4161,48.7989
77288,2.6552,48.5421
77289,3.3969,48.5037
77290,3.2051,48.9734
77291,2.5974,49.0175
77292,2.7041,48.9663
77293,3.0942,48.3628
77294,2.6116,48.9796
77295,2.7389,48.5636
77296,2.5958,48.6247
77297,2.6003,48.1513
77298,3.1373,48.4922
77300,2.9924,48.9445
77301,3.445,48.6982
77302,2.7153,48.2983
77303,3.4222,48.8536
77304,3.4769,48.832
77305,2.962,48.3887
77306,2.6728,48.5969
77307,2.7511,48.8673
77308,2.7452,49.0279
77309,2.8345,49.0097
77310,3.2495,48.3838
77311,3.0541,48.456
77312,2.7572,48.3381
77313,2.989,48.3204
77314,3.4318,48.8274
77315,2.8227,48.8866
77316,2.8233,48.3545
77317,2.8772,48.596
77318,2.897,48.78
77319,3.2475,48.5906
77320,3.0486,48.825
77321,3.2371,48.3941
77322,2.6038,49.0711
77323,2.6221,49.048
77325,3.2443,48.4328
77326,2.5476,48.5816
77327,3.0079,48.5575
77328,2.4262,48.3184
77329,2.8099,48.2529
77330,2.9019,48.9317
77331,3.2204,48.98
77332,2.7045,48.9993
77333,2.7187,48.2633
77335,2.8323,48.97
77336,2.8294,48.773
77337,2.6187,48.8461
77338,2.9331,48.3372
77339,2.5114,48.3733
77340,2.7731,48.2894
77341,3.3449,48.4512
77342,2.5673,48.214
77343,3.0577,49.0379
77344,2.8166,49.0725
77345,3.2285,48.9006
77347,3.2255,48.4613
77348,2.6487,48.2448
77349,2.6572,49.086
77350,2.6753,48.7631
77352,2.7754,48.6652
77353,2.8565,48.2387
77354,2.8634,48.4676
77355,3.2005,48.4796
77356,3.3455,48.4282
77357,3.0642,48.6459
77358,2.8576,48.9908
77359,2.5472,48.4786
77360,2.9896,48.7462
77361,3.0346,48.8952
77363,2.6286,48.9138
77364,2.7696,49.0049
77365,3.04,48.713
77366,2.7912,49.0049
77367,2.9852,49.0534
77368,3.2772,48.5449
77369,2.9239,48.9739
77370,2.759,48.2373
77371,3.0077,48.8169
77372,2.6776,48.887
77373,2.6173,48.7885
77374,2.706,48.7954
77376,2.7688,48.9352
77377,2.7407,48.7106
77378,2.5498,48.5175
77379,3.2845,48.5629
77380,2.9163,49.0627
77381,2.9611,48.6144
77382,2.8765,48.8982
77383,3.0741,48.5399
77384,2.6249,48.6077
77385,3.2321,48.8575
77386,2.6441,48.3388
77387,2.8285,48.2215
77388,3.1608,48.9578
77389,2.6578,48.507
77390,2.6647,48.7913
77391,3.2897,48.5912
77392,2.7189,49.0657
77393,2.9623,48.6821
77394,2.6808,48.5654
77395,2.4966,48.2707
77396,3.331,48.6401
77397,3.2128,48.9524
77398,3.2932,48.8766
77400,3.0327,48.7869
77401,3.1731,49.0049
77402,3.3603,48.8179
77403,3.3365,48.5733
77404,3.261,48.5367
77405,3.1746,48.9141
77406,3.195,48.8475
77407,2.5291,48.541
77408,2.9528,48.9234
77409,3.0004,48.4104
77410,2.7046,48.5895
77411,3.1415,48.8517
77412,2.5115,48.4745
77413,2.8428,48.8745
77414,3.2612,48.6323
77415,3.0291,48.9381
77416,3.1259,48.6109
77417,3.2709,48.8424
77418,3.217,48.5368
77419,2.8205,48.3863
77420,2.6961,49.0388
77421,3.3224,48.739
77423,3.3347,48.7838
77424,3.4289,48.7311
77425,2.5729,48.4361
77426,2.8377,48.5642
77427,2.7105,48.986
77428,2.921,48.5672
77429,3.2032,48.9064
77430,2.7848,49.074
77431,2.6673,48.2647
77432,3.2472,48.8106
77433,3.0728,48.7617
77434,3.2038,48.4387
77435,2.5354,48.501
77436,3.1935,48.8098
77437,2.7989,49.0348
77438,2.6792,48.8628
77439,3.0201,48.4342
77440,3.0756,48.94
77441,2.7535,48.4534
77442,2.7749,48.4205
77443,2.9587,48.8773
77444,3.3936,48.7106
77445,2.5759,48.5846
77446,3.2037,48.5096
77447,2.5569,48.5536
77448,3.1066,48.9404
77449,2.7873,48.8453
77450,2.5914,48.7158
77451,3.0603,48.9148
77452,3.1669,48.4726
77453,2.7571,48.5285
77454,3.1516,48.5213
77455,2.7108,48.6465
77456,3.2995,48.5089
77457,2.7261,48.6595
77458,2.7426,48.1864
77459,3.3643,48.5335
77460,3.0808,49.0039
77461,3.1793,48.4902
77462,2.6583,49.0088
77463,2.7729,48.4021
77464,2.7117,48.8928
77465,2.939,48.3016
77466,2.8968,48.8235
77467,3.0949,48.3873
77468,2.6476,48.8534
77469,3.0308,48.7317
77470,2.7769,48.741
77471,2.4591,48.3454
77472,3.2425,48.8777
77473,2.7917,48.2713
77474,2.8046,48.948
77475,2.9661,48.9583
77476,2.9627,49.0422
77477,2.6016,48.341
77478,3.0721,48.9708
77479,2.6332,48.8703
77480,2.8931,48.4508
77481,3.116,48.5522
77482,2.9317,48.3695
77483,2.9284,49.0055
77484,2.9561,48.8991
77485,2.5194,48.3468
77486,3.0843,48.6977
77487,2.6985,48.5242
77489,2.9559,48.2143
77490,3.1092,49.0432
77492,3.3662,48.8829
77493,2.8295,48.6367
77494,2.851,48.4058
77495,2.6266,48.5654
77496,3.1427,48.5886
77498,2.8178,48.9312
77500,2.9277,48.2033
77501,2.8439,48.3271
77504,2.8784,48.2731
77505,2.9861,48.9206
77506,2.8226,48.3015
77507,3.312,48.4016
77508,2.8391,48.8112
77509,3.0278,48.4948
77510,2.7929,48.8126
77511,2.6351,49.0281
77512,3.3328,48.8774
77513,2.8516,48.9406
77514,2.6178,48.9408
77515,2.778,48.9813
77516,2.8994,48.3436
77517,2.6647,48.9137
77518,2.6045,48.4966
77519,3.4089,48.6534
77520,2.6396,48.3144
77521,2.8679,48.8506
77522,3.383,48.4569
77523,3.3575,48.4019
77524,3.1678,48.4436
77525,2.7386,49.0034
77526,2.9553,49.0752
77527,3.0176,48.6809
77528,2.6637,48.5695
77529,2.892,48.8382
77530,3.3411,48.6142
77531,2.9688,48.2876
77532,3.2208,48.5637
77533,2.7757,48.4335
77534,2.7708,48.6378
78003,1.8565,48.5292
78005,2.1095,48.9817
78006,1.6629,48.7206
78007,2.0127,48.9027
78009,1.9038,48.4673
78010,1.913,48.914
78013,1.8094,48.887
78015,2.0496,48.9778
78020,1.7225,48.911
78029,1.844,48.9609
78030,1.8994,48.6824
78031,1.7057,48.9543
78033,1.84,48.9294
78034,1.8172,48.8415
78036,1.7958,48.8451
78043,2.0809,48.8366
78048,1.6659,48.8121
78049,1.8761,48.9321
78050,1.8489,48.7792
78053,1.7247,48.8324
78057,1.5654,49.0484
78062,1.8748,48.8528
78068,1.4846,49.0413
78070,1.7491,48.9272
78071,1.8698,48.4958
78072,1.661,48.9188
78073,2.0223,48.806
78076,1.5859,48.8578
78077,1.6661,48.6911
78082,1.5831,48.965
78084,1.7979,48.8211
78087,2.0327,48.6203
78089,1.5685,49.0168
78090,1.8997,48.9566
78092,2.1394,48.8627
78096,1.6559,48.7556
78104,1.7129,48.9447
78107,1.5402,48.9567
78108,1.8177,48.7172
78113,1.8083,49.0279
78117,2.125,48.7736
78118,1.6788,48.983
78120,1.9758,48.6267
78123,2.0264,48.9469
78124,2.1812,48.9128
78125,1.9459,48.6382
78126,2.1342,48.8498
78128,1.9617,48.6697
78133,2.0267,48.8973
78138,2.0336,48.9773
78140,1.9383,48.9681
78143,2.0956,48.7371
78146,2.1502,48.8964
78147,1.4842,49.0161
78152,1.9862,48.8471
78158,2.1188,48.8285
78160,2.0343,48.7035
78162,2.0159,48.6754
78163,1.6187,48.8647
78164,1.905,48.6172
78165,1.9835,48.8168
78168,1.9178,48.7506
78171,1.669,48.7308
78172,2.0992,49.0016
78185,1.6595,48.8971
78188,1.4844,48.9901
78189,1.9185,48.8809
78190,2.1342,48.8805
78192,1.6193,48.9125
78193,1.9789,48.7065
78194,1.6036,48.7623
78196,1.946,48.8664
78202,1.7702,49.0528
78206,1.925,48.9482
78208,1.9612,48.7771
78209,1.7342,48.5906
78217,1.8119,48.9459
78220,1.8905,48.713
78224,2.0586,48.8673
78227,1.9392,49.0182
78230,1.8246,48.9385
78231,1.6407,48.9439
78233,1.9847,48.8787
78234,1.6416,48.9312
78236,1.7415,48.8569
78237,1.5773,48.8927
78238,1.8721,48.9664
78239,1.7027,49.0293
78242,2.0477,48.8169
78245,1.6486,48.9601
78246,1.7576,49.0274
78255,1.6139,49.0489
78261,1.8979,49.03
78262,1.7898,48.7984
78263,1.6732,48.7774
78264,1.7221,48.7614
78265,1.7602,48.8223
78267,1.8112,48.9938
78269,1.7785,48.6375
78276,1.5931,49.0697
78278,1.7651,48.882
78281,1.7668,48.9251
78283,1.6141,48.7207
78285,1.6009,48.833
78289,1.7609,48.7799
78290,1.6435,49.0164
78291,1.7409,48.9544
78296,1.7775,49.01
78297,2.0745,48.7735
78299,1.8834,49.0092
78300,1.7464,48.8953
78302,1.6257,48.7049
78305,1.8901,48.903
78307,1.688,48.6549
78310,1.5981,48.7968
78311,2.1866,48.9266
78314,1.7865,48.9884
78317,1.8483,49.0489
78320,1.5292,49.0552
78321,1.913,48.7874
78322,2.161,48.7652
78324,1.6461,48.9746
78325,1.7827,48.9087
78327,1.842,48.9991
78329,1.8182,49.0585
78334,1.9336,48.7248
78335,1.7367,48.9911
78337,1.5512,49.0585
78343,2.1412,48.7617
78344,1.5181,48.9985
78346,1.5753,48.9201
78349,1.9969,48.5781
78350,2.1132,48.8595
78354,1.6842,48.9685
78356,2.0494,48.7379
78358,2.1533,48.9503
78361,1.6918,48.9961
78362,1.7103,48.9752
78364,1.8221,48.8645
78366,1.8531,48.7899
78367,2.0775,48.88
78368,1.8747,48.8893
78372,2.0892,48.866
78380,1.8409,48.9058
78381,1.6111,48.7842
78382,2.0479,48.9994
78383,1.925,48.7712
78384,1.9858,48.9559
78385,1.5971,48.9568
78389,1.8188,48.7954
78391,1.6254,49.037
78396,2.1234,48.9249
78397,1.9619,48.7389
78398,1.8339,48.7542
78401,1.909,49.0051
78402,1.782,48.9481
78403,1.8692,49.0033
78404,1.7258,48.8095
78406,2.0461,48.7298
78407,1.6363,48.6639
78410,1.6587,49.0663
78413,1.5568,48.9034
78415,1.8539,48.8807
78416,1.8287,49.0471
78417,1.6265,48.8944
78418,2.1381,48.919
78420,1.8081,48.7717
78423,2.0252,48.7776
78431,1.9437,48.9351
78437,1.6548,49.051
78439,1.6524,48.879
78440,1.911,48.9877
78442,1.9031,48.8122
78443,1.8634,48.8166
78444,1.5446,48.9358
78451,1.8398,48.9428
78455,2.0542,48.8466
78460,1.8474,49.0249
78464,1.8031,48.5958
78465,1.695,48.8351
78466,1.9698,48.9185
78470,1.7842,48.5763
78472,1.8227,48.4778
78474,1.6423,48.8549
78475,1.7162,48.8645
78478,1.8615,48.4607
78481,2.1022,48.8924
78484,1.6056,48.9666
78486,1.8424,48.6988
78490,1.9483,48.8129
78497,1.7549,48.6803
78498,2.025,48.9241
78499,1.91,48.5496
78501,1.768,48.9781
78502,2.1104,48.8808
78505,1.6741,48.858
78506,1.8041,48.5257
78513,1.7603,48.8042
78516,1.6849,48.6375
78517,1.8339,48.6538
78518,2.0421,48.8339
78520,1.634,48.825
78522,1.9819,48.593
78528,1.6006,49.0195
78530,1.684,48.9108
78531,1.6054,48.9978
78536,1.7927,49.0448
78537,1.9293,48.5752
78545,2.0657,48.8064
78548,1.9976,48.7128
78550,1.902,48.8347
78551,2.1052,48.931
78557,1.7222,48.6246
78558,1.5437,48.9777
78559,1.5102,48.9647
78561,2.0093,48.7339
78562,1.7646,48.7338
78564,1.9179,48.5153
78565,1.7215,48.8776
78567,1.6707,49.0372
78569,1.9433,48.536
78571,2.0168,48.8621
78575,2.082,48.7037
78576,1.8775,48.7515
78586,2.1744,48.9374
78588,1.8361,48.8434
78590,1.9688,48.6828
78591,1.6891,48.8883
78597,1.6732,48.9547
78601,1.8765,48.5854
78605,1.664,48.8328
78606,1.6028,48.6976
78608,1.609,48.9427
78609,1.9218,49.0263
78615,1.9322,48.8419
78616,1.7989,48.8699
78618,1.5764,48.8785
78620,2.1192,48.7477
78621,1.9964,48.7738
78623,1.8765,48.7859
78624,2.0055,48.976
78638,1.9704,49.0089
78640,2.1956,48.784
78642,1.9659,48.9874
78643,1.9748,48.9649
78644,1.9505,48.7545
78646,2.1191,48.8039
78647,1.6824,48.9429
78650,2.1312,48.8928
78653,1.8283,48.8223
78655,1.8759,48.6695
78668,1.5285,49.0129
78672,1.9975,48.9372
78674,2.0127,48.8306
78677,1.6917,48.9244
78681,1.7744,48.8518
78683,1.883,48.8201
78686,2.1725,48.8017
78688,2.047,48.7598
91001,2.197,48.3369
91016,2.0057,48.3116
91017,2.0593,48.5916
91021,2.2462,48.5894
91022,2.1489,48.3279
91027,2.3848,48.7093
91035,1.9545,48.456
91037,2.4898,48.5274
91038,2.2229,48.4745
91041,2.2437,48.5543
91044,2.291,48.6718
91045,2.3882,48.5246
91047,2.3809,48.495
91064,2.2079,48.7565
91067,2.2576,48.3205
91069,2.3655,48.328
91075,2.2393,48.375
91079,2.1715,48.3801
91080,2.2841,48.4711
91081,2.0919,48.4865
91085,2.2111,48.5528
91086,2.3795,48.6155
91093,2.0496,48.6746
91095,2.2968,48.5115
91097,2.5354,48.6893
91098,2.0512,48.4542
91099,2.3924,48.4359
91100,2.2806,48.437
91103,2.2989,48.601
91105,2.1644,48.5716
91106,2.1601,48.551
91109,2.1427,48.4646
91111,2.1304,48.6294
91112,2.2927,48.3268
91114,2.5059,48.6948
91115,2.1804,48.6031
91121,2.4131,48.36
91122,2.1589,48.6913
91129,2.309,48.4837
91130,2.0564,48.4157
91131,2.0245,48.381
91132,2.2209,48.5165
91135,2.4447,48.5052
91136,2.2775,48.7083
91137,2.3161,48.3431
91145,1.9351,48.4675
91148,2.1705,48.5085
91156,2.276,48.5472
91159,2.4386,48.534
91161,2.3103,48.7051
91174,2.4646,48.5973
91175,1.9638,48.5007
91179,2.4926,48.5605
91180,2.4838,48.4409
91184,2.3591,48.4202
91186,2.1389,48.599
91191,2.4621,48.7202
91195,2.4708,48.4602
91198,2.323,48.4547
91200,1.9924,48.532
91201,2.4249,48.6777
91204,2.4023,48.5747
91207,2.2183,48.5778
91215,2.5152,48.6885
91216,2.3194,48.6719
91223,2.1524,48.4227
91225,2.4852,48.6485
91226,2.177,48.4956
91228,2.4313,48.6287
91232,2.3678,48.4819
91235,2.3712,48.6327
91240,2.1674,48.359
91243,2.171,48.6112
91244,2.3997,48.5474
91247,2.0457,48.4775
91248,2.2308,48.3832
91249,2.0811,48.6182
91272,2.1342,48.6964
91273,2.3451,48.3655
91274,2.1127,48.675
91275,2.142,48.6729
91284,2.0124,48.4994
91286,2.3861,48.6584
91292,2.2714,48.567
91293,2.3755,48.4636
91294,2.0802,48.3662
91312,2.2229,48.7375
91315,2.3398,48.5144
91318,2.2493,48.4991
91319,2.1564,48.6456
91326,2.3722,48.6917
91330,2.2707,48.5284
91332,2.3291,48.5726
91333,2.2695,48.6135
91338,2.0823,48.6463
91339,2.2525,48.6261
91340,2.4259,48.5935
91345,2.3057,48.6923
91347,2.2859,48.639
91359,2.3744,48.3961
91363,2.2078,48.6491
91374,2.2067,48.3713
91376,2.2992,48.5641
91377,2.2696,48.7263
91378,2.1976,48.5287
91386,2.4362,48.5592
91390,2.0963,48.3201
91393,1.9919,48.4191
91399,2.2802,48.3574
91405,2.4771,48.3966
91408,2.4412,48.4367
91411,2.0682,48.6736
91412,2.4227,48.4924
91414,2.0379,48.3471
91421,2.4638,48.6952
91425,2.266,48.6392
91432,2.3361,48.7022
91433,2.2025,48.4383
91434,2.3513,48.6564
91435,2.5013,48.5775
91441,2.4943,48.5053
91457,2.266,48.583
91458,2.2366,48.6594
91461,2.2204,48.6068
91463,2.4564,48.3803
91468,2.4576,48.5714
91469,2.1652,48.4024
91471,2.1896,48.6972
91473,2.297,48.4489
91477,2.2293,48.7155
91479,2.3577,48.7239
91482,2.0361,48.646
91494,2.3404,48.6054
91495,2.0052,48.445
91507,2.3562,48.3524
91508,2.2635,48.3947
91511,1.9981,48.3501
91514,2.5259,48.6722
91519,2.0006,48.4696
91521,2.4104,48.6457
91525,2.0534,48.5183
91526,2.2321,48.3461
91533,2.1103,48.3576
91534,2.1693,48.7367
91538,2.1384,48.7148
91540,2.1249,48.5499
91544,2.1377,48.3508
91546,2.0361,48.5675
91547,1.9605,48.4223
91549,2.3272,48.643
91552,2.2644,48.5982
91553,2.4919,48.6275
91556,2.0872,48.4429
91560,2.1723,48.6666
91568,2.1229,48.5746
91570,2.313,48.6326
91573,2.5152,48.6075
91577,2.4955,48.5946
91578,2.1766,48.5344
91579,2.3254,48.5361
91581,2.192,48.5612
91587,2.2648,48.6869
91589,2.3493,48.6851
91593,2.0915,48.5308
91599,2.474,48.4783
91600,2.4666,48.6593
91602,2.149,48.525
91613,1.9912,48.3833
91617,2.5189,48.6459
91619,2.2335,48.5314
91629,2.2996,48.3963
91630,2.0808,48.5712
91631,2.5631,48.6793
91634,2.1041,48.6012
91635,2.1996,48.7302
91639,2.349,48.4323
91645,2.2545,48.7511
91648,2.3711,48.583
91649,2.3668,48.5508
91654,2.4171,48.467
91657,2.4274,48.7021
91659,2.4516,48.5864
91661,2.2366,48.6965
91662,2.1258,48.4981
91665,2.2644,48.6601
91666,2.2207,48.6788
91667,2.3298,48.6599
91671,2.2524,48.4646
91679,2.1224,48.7282
91685,2.2995,48.6601
91687,2.3758,48.6662
91689,2.3278,48.7308
91691,2.4932,48.7129
91692,2.1864,48.6817
92002,2.2976,48.7507
92004,2.2935,48.9181
92007,2.3093,48.798
92009,2.2688,48.9151
92012,2.2429,48.8375
92014,2.3167,48.7801
92019,2.2603,48.7697
92020,2.2887,48.8031
92022,2.191,48.8091
92023,2.2518,48.7957
92024,2.3041,48.9041
92025,2.2469,48.9218
92026,2.2574,48.8976
92032,2.2876,48.7895
92033,2.1861,48.8469
92035,2.2437,48.9071
92036,2.288,48.9319
92040,2.2628,48.824
92044,2.2874,48.8946
92046,2.2943,48.817
92047,2.1689,48.8286
92048,2.2288,48.8028
92049,2.3163,48.8159
92050,2.2018,48.8974
92051,2.2651,48.8862
92060,2.2592,48.7815
92062,2.2384,48.8824
92063,2.1806,48.8717
92064,2.2032,48.844
92071,2.2963,48.776
92072,2.2056,48.8223
92073,2.2183,48.871
92075,2.2869,48.8214
92076,2.1628,48.8377
92077,2.1759,48.8215
92078,2.3231,48.9354
93001,2.3886,48.9128
93005,2.4918,48.9457
93006,2.4252,48.8671
93007,2.4576,48.9372
93008,2.4432,48.9073
93010,2.4846,48.9036
93013,2.4287,48.9378
93014,2.5432,48.9081
93015,2.5759,48.9173
93027,2.3986,48.9341
93029,2.4446,48.925
93030,2.4255,48.9494
93031,2.3172,48.9544
93032,2.545,48.8826
93033,2.5761,48.8607
93039,2.3204,48.9465
93045,2.4207,48.8821
93046,2.5351,48.9184
93047,2.5678,48.8976
93048,2.4491,48.8637
93049,2.5097,48.8641
93050,2.5419,48.8645
93051,2.556,48.8327
93053,2.4578,48.8917
93055,2.4085,48.9006
93057,2.5057,48.907
93061,2.4054,48.884
93062,2.5196,48.8959
93063,2.4391,48.8849
93064,2.4872,48.8744
93066,2.3657,48.9378
93070,2.3329,48.9118
93071,2.5311,48.9378
93072,2.3868,48.9578
93073,2.5481,48.9744
93074,2.5799,48.9338
93077,2.5085,48.8866
93078,2.5323,48.956
93079,2.3441,48.9574
94001,2.4229,48.7236
94002,2.4214,48.7963
94003,2.3328,48.8053
94004,2.5251,48.7453
94011,2.493,48.7721
94015,2.5224,48.8392
94016,2.3318,48.7914
94017,2.5206,48.8173
94018,2.405,48.8229
94019,2.5443,48.7951
94021,2.3507,48.7679
94022,2.4202,48.7635
94028,2.4523,48.7845
94033,2.4736,48.8503
94034,2.3263,48.7572
94037,2.3426,48.812
94038,2.3416,48.7777
94041,2.3872,48.8125
94042,2.4685,48.8199
94043,2.356,48.8087
94044,2.4924,48.7463
94046,2.44,48.8017
94047,2.5477,48.7068
94048,2.5539,48.7385
94052,2.4811,48.837
94053,2.556,48.7757
94054,2.403,48.7402
94055,2.5371,48.7873
94056,2.562,48.6974
94058,2.5045,48.8433
94059,2.5763,48.808
94060,2.5855,48.7769
94065,2.3499,48.7493
94067,2.4195,48.8414
94068,2.4921,48.7999
94069,2.4423,48.8179
94070,2.5771,48.7362
94071,2.5374,48.7688
94073,2.3869,48.7605
94074,2.46,48.7497
94075,2.5328,48.7221
94076,2.3603,48.7934
94077,2.4076,48.732
94078,2.4493,48.7389
94079,2.5482,48.8278
94080,2.4383,48.8471
94081,2.3951,48.7893
95002,1.973,49.0873
95008,1.773,49.0733
95011,1.6959,49.151
95012,1.6469,49.1084
95014,2.302,49.0098
95018,2.2478,48.9501
95019,2.4168,48.9867
95023,2.1189,49.1734
95024,1.7977,49.0935
95026,2.3895,49.1387
95028,2.3522,49.0607
95039,2.1569,49.0847
95040,1.8632,49.0933
95042,2.3034,49.0594
95046,1.8151,49.1258
95051,2.194,49.0136
95052,2.2953,49.1372
95054,1.8762,49.1505
95055,2.4694,49.0916
95056,2.37,49.091
95058,2.2997,49.1678
95059,2.0669,49.192
95060,2.1998,49.0364
95061,2.2485,49.0562
95063,2.2147,48.925
95074,2.0033,49.0181
95078,2.0316,49.0821
95088,2.4373,48.9675
95091,2.2995,49.0406
95094,2.4273,49.0236
95101,1.6651,49.1429
95102,2.0272,49.1477
95110,1.9435,49.1389
95116,2.3342,49.1643
95119,1.7031,49.1926
95120,2.1899,49.0833
95127,2.0455,49.0373
95134,2.228,49.1455
95139,1.7274,49.1836
95141,1.7901,49.1388
95142,1.9304,49.1572
95144,2.462,49.0652
95149,2.4367,49.1277
95150,1.7075,49.1153
95151,2.2689,49.0558
95154,2.5484,49.0412
95157,1.678,49.0912
95166,1.8493,49.1317
95169,1.8915,49.1243
95170,1.9366,49.037
95176,2.201,48.9701
95177,2.0171,49.1145
95181,1.9952,49.0738
95183,1.9999,49.0421
95197,2.327,48.9704
95199,2.3243,49.0289
95203,2.2781,48.9912
95205,2.3858,49.0258
95210,2.305,48.9706
95211,2.1089,49.0767
95212,2.5475,49.0322
95213,2.0703,49.1249
95214,2.4071,49.0908
95218,2.1002,49.0224
95219,2.258,48.9891
95229,2.3617,49.0382
95241,2.4468,49.0483
95250,2.5043,49.1003
95252,2.2235,48.9879
95253,1.8685,49.0663
95254,1.9937,49.1221
95256,2.2021,49.0498
95257,2.1759,48.9728
95258,2.1459,49.1575
95268,2.4035,48.9696
95270,1.7558,49.1142
95271,2.0626,49.0946
95277,2.4602,48.9856
95280,2.4683,49.0266
95287,2.0486,49.1306
95288,2.3514,48.9852
95295,1.8556,49.116
95298,2.0377,49.1763
95301,1.6675,49.0848
95303,2.0007,49.167
95304,2.179,49.1584
95306,2.1556,49.0052
95308,2.1283,49.1047
95309,1.7624,49.1425
95313,2.2352,49.1078
95316,2.4424,49.0817
95323,2.0357,49.0118
95328,2.1355,49.1349
95331,2.4373,49.0953
95341,2.0947,49.1001
95348,1.9294,49.0622
95351,2.5011,49.0444
95352,2.4457,49.1168
95353,2.3116,49.0864
95355,1.8058,49.162
95365,2.4179,49.0699
95369,2.2892,49.0017
95370,1.9825,49.1499
95371,2.5069,49.0805
95379,1.7775,49.1093
95387,2.1092,49.1522
95388,1.974,49.0273
95392,2.2125,49.0772
95394,2.173,49.0518
95395,2.3948,49.0539
95409,2.3373,49.0451
95422,2.0095,49.0899
95424,2.1937,48.9934
95426,2.2882,49.0157
95427,2.3471,48.9677
95428,2.322,48.9922
95429,1.6894,49.1689
95430,2.3025,49.0716
95436,2.2572,49.1315
95438,1.9082,49.1355
95445,2.2768,49.0882
95446,2.1672,49.1339
95447,1.9809,49.174
95450,2.0607,49.0177
95452,2.2952,49.1294
95456,2.3272,49.1343
95459,1.8582,49.1584
95462,1.7183,49.1404
95476,2.0618,49.0668
95480,2.1991,49.125
95483,1.928,49.1154
95487,2.2672,49.1479
95488,2.1629,49.0185
95489,2.3421,49.0162
95491,2.2339,49.003
95492,2.4168,49.0362
95493,2.4567,49.0955
95500,2.0996,49.0488
95504,2.2876,49.1094
95509,2.4896,49.0703
95510,2.0135,49.0659
95523,1.6337,49.0899
95527,2.5188,49.0036
95529,2.2111,49.1674
95535,1.9674,49.0531
95539,2.3453,49.0034
95541,1.7047,49.211
95543,1.7416,49.0604
95554,1.7583,49.1655
95555,2.285,48.9679
95563,2.243,49.0211
95566,2.3353,49.1008
95572,2.1293,49.045
95574,2.2748,49.0191
95580,2.5533,49.0844
95582,2.2509,48.9731
95584,1.9563,49.1312
95585,2.3858,48.9925
95592,1.8798,49.0401
95594,2.3956,49.1224
95598,2.3003,48.9888
95604,2.5451,49.1077
95607,2.2179,49.0274
95610,1.9064,49.0882
95611,2.0678,49.1567
95612,2.4673,49.003
95625,1.9562,49.1053
95627,2.1078,49.1323
95628,2.1841,49.0977
95633,2.4864,49.0005
95637,2.0254,49.0293
95641,2.5706,49.0602
95651,1.7097,49.0619
95652,2.3836,49.1229
95656,1.7236,49.0655
95658,1.9296,49.0811
95660,2.3548,49.0751
95675,2.5348,49.059
95676,1.7322,49.0864
95678,2.2383,49.0704
95680,2.4036,49.008
95682,2.3862,49.0751
95690,1.8249,49.0964
69001,4.4116,45.8448
69002,4.4268,46.2822
69003,4.8284,45.8666
69004,4.6534,45.9162
69005,4.7427,45.9264
69006,4.317,45.966
69007,4.8079,45.5034
69008,4.5098,45.8362
69009,4.7049,45.9451
69010,4.6102,45.8347
69012,4.5293,46.1885
69013,4.7102,46.0194
69014,4.4744,45.6799
69016,4.4146,46.1917
69017,4.6205,45.9104
69018,4.5802,46.1585
69019,4.7291,46.1145
69020,4.6685,45.8673
69021,4.5484,45.7712
69022,4.5494,45.7976
69023,4.6308,46.0364
69024,4.5668,45.9386
69026,4.5889,45.8909
69027,4.7527,45.6751
69028,4.703,45.7183
69029,4.9116,45.7355
69030,4.49,45.7617
69031,4.5201,45.745
69032,4.5786,45.8595
69033,4.8817,45.8592
69034,4.8494,45.7986
69035,4.6632,46.2801
69036,4.6702,46.1251
69037,4.509,46.017
69038,4.3784,45.778
69039,4.4973,45.9829
69040,4.7864,45.8006
69042,4.4959,45.6513
69043,4.7452,45.7089
69044,4.743,45.7792
69045,4.6926,46.0814
69046,4.7871,45.6527
69047,4.6602,45.8876
69049,4.7699,45.8733
69050,4.6487,45.872
69051,4.6332,45.6387
69052,4.71,45.8743
69053,4.7069,46.2142
69054,4.4895,46.1707
69055,4.7454,45.8948
69056,4.6168,45.8914
69057,4.5988,45.7767
69058,4.6495,46.1853
69059,4.7121,45.8573
69060,4.5095,46.0966
69061,4.6012,45.9885
69062,4.4665,45.6133
69063,4.8425,45.8188
69064,4.7516,45.4748
69065,4.7254,46.1538
69066,4.3445,46.0968
69067,4.5695,45.7451
69068,4.8214,45.8479
69069,4.7294,45.7456
69070,4.3921,46.0244
69071,4.8201,45.8682
69072,4.7466,45.8133
69074,4.6503,46.0051
69075,4.4584,45.9615
69076,4.7122,45.8372
69077,4.773,46.154
69078,4.5273,45.677
69080,4.7294,45.5501
69081,4.7737,45.7822
69082,4.6754,46.224
69083,4.6223,45.8256
69084,4.6942,46.1953
69085,4.8566,45.8582
69086,4.6484,45.8406
69087,4.8521,45.8445
69088,4.8537,45.8268
69089,4.7537,45.7386
69090,4.632,45.9186
69091,4.7561,45.5845
69092,4.6883,45.9915
69093,4.4599,46.034
69094,4.6799,45.7469
69095,4.4243,45.661
69096,4.7858,45.6104
69097,4.7401,45.5122
69098,4.4345,45.7175
69099,4.4053,45.7172
69100,4.8143,45.6747
69102,4.368,45.8895
69103,4.7052,46.2473
69104,4.6632,46.244
69105,4.6447,45.9867
69106,4.6779,45.9264
69107,4.5088,46.053
69108,4.7295,46.1739
69109,4.6174,46.1584
69110,4.5128,45.6073
69111,4.5742,45.905
69112,4.6691,45.8166
69113,4.518,45.9767
69114,4.6509,45.9628
69115,4.7196,45.9717
69116,4.7682,45.8267
69117,4.7496,45.8582
69118,4.7847,45.5482
69119,4.6861,45.5083
69120,4.4277,45.7833
69121,4.6846,45.853
69122,4.7095,45.9138
69123,4.8351,45.758
69124,4.5614,46.1086
69125,4.7301,45.8685
69126,4.6755,45.9141
69127,4.7129,45.7855
69130,4.4219,46.0444
69131,4.6748,45.6978
69132,4.4071,45.6813
69133,4.781,45.6307
69134,4.6034,45.9262
69135,4.5631,46.2379
69136,4.752,45.6296
69137,4.6035,46.0201
69138,4.541,45.7111
69139,4.4654,45.8014
69140,4.7016,45.8938
69141,4.6747,45.6162
69142,4.8118,45.7338
69143,4.8404,45.8821
69145,4.6417,46.0935
69148,4.7207,45.6609
69149,4.8112,45.708
69151,4.587,46.0691
69153,4.7927,45.856
69154,4.6585,45.7707
69155,4.4452,45.6466
69156,4.6928,45.9581
69157,4.4948,45.8886
69160,4.4698,46.1458
69161,4.4503,46.1909
69162,4.614,46.1118
69163,4.7724,45.9168
69164,4.3974,46.125
69165,4.6449,46.1531
69166,4.5883,45.5985
69167,4.5829,46.0084
69168,4.8396,45.8427
69169,4.3902,45.9845
69170,4.6204,45.6554
69171,4.6017,45.8115
69172,4.6317,46.0449
69173,4.5572,45.8839
69174,4.3695,45.9245
69175,4.5599,45.8174
69176,4.6907,45.677
69177,4.6311,45.7979
69178,4.4505,45.7027
69179,4.7041,45.5898
69180,4.5935,45.6313
69181,4.4275,45.9772
69182,4.4721,46.2669
69183,4.4172,46.0781
69184,4.5734,45.6036
69186,4.4157,46.2272
69187,4.4207,45.7561
69188,4.4585,45.926
69189,4.8582,45.5247
69190,4.6959,45.7765
69191,4.8162,45.8216
69192,4.5382,46.0335
69193,4.8242,45.5154
69194,4.8003,45.8159
69196,4.5341,46.1453
69197,4.6557,46.0645
69198,4.6188,46.0765
69199,4.8514,45.6997
69200,4.4583,45.8522
69201,4.4705,45.7044
69202,4.7926,45.7362
69203,4.4926,45.7145
69204,4.7929,45.6922
69205,4.7248,45.7614
69206,4.7164,46.0587
69207,4.8036,45.8842
69208,4.6167,45.8604
69209,4.4381,46.2368
69212,4.683,45.8746
69214,4.3341,46.0038
69215,4.648,46.0252
69216,4.5087,45.7984
69217,4.4576,45.9994
69218,4.6728,46.1129
69219,4.6828,45.6406
69220,4.4688,45.7402
69225,4.4279,45.8712
69227,4.5561,45.6583
69228,4.6187,45.5853
69229,4.4613,46.083
69230,4.5634,45.9722
69231,4.6163,45.7833
69233,4.8224,45.8355
69234,4.5291,45.855
69235,4.8307,45.5402
69236,4.7065,45.5637
69238,4.4456,45.6314
69239,4.5208,45.9234
69240,4.3937,46.0715
69241,4.7265,45.6343
69242,4.7648,46.1238
69243,4.4302,45.9071
69244,4.7521,45.7637
69245,4.5181,45.9508
69246,4.6277,45.9418
69248,4.3109,46.0505
69249,4.6252,45.6809
69250,4.7129,45.8086
69252,4.6918,45.5358
69253,4.7776,45.4941
69254,4.4264,45.9463
69255,4.6502,45.73
69256,4.925,45.7776
69257,4.5801,46.0459
69258,4.6415,46.2207
69259,4.8805,45.7012
69260,4.8121,45.6464
69261,4.5279,46.1639
69263,4.4082,45.8144
69264,4.726,45.9837
69265,4.5942,45.9693
69266,4.8898,45.7719
69267,4.6621,46.1612
69268,4.7691,45.6569
69269,4.6038,45.7115
69270,4.9584,45.6315
69271,4.9638,45.7366
69272,4.8359,45.5977
69273,4.9104,45.6654
69275,4.9589,45.7759
69276,4.8589,45.6736
69277,5.0172,45.7286
69278,4.8389,45.8989
69279,5.0377,45.7886
69280,5.0798,45.7978
69281,4.9097,45.6248
69282,5.0114,45.7785
69283,4.9467,45.6628
69284,4.8657,45.8793
69285,5.0659,45.7571
69286,4.895,45.8265
69287,5.0241,45.6975
69288,5.0597,45.6842
69289,5.0085,45.6471
69290,4.9474,45.7014
69291,4.8666,45.6386
69292,4.8792,45.8255
69293,4.8858,45.8394
69294,4.8248,45.6285
69295,4.8718,45.6111
69296,4.8331,45.6462
69297,4.803,45.6083
69298,4.9819,45.6585
69299,5.1084,45.7174
75101,2.3359,48.862
75102,2.3411,48.8677
75103,2.3593,48.8626
75104,2.3569,48.8541
75105,2.3514,48.8454
75106,2.3307,48.8495
75107,2.3115,48.8548
75108,2.3111,48.8732
75109,2.3379,48.8771
75110,2.3624,48.876
75111,2.3816,48.8601
75112,2.4173,48.8342
75113,2.3656,48.8303
75114,2.323,48.8297
75115,2.2937,48.8417
75116,2.263,48.8572
75117,2.305,48.8874
75118,2.3487,48.8919
75119,2.3878,48.8871
75120,2.3966,48.8625
